{
  "2026-01-22": {
    "gold": 4837.700195,
    "silver": 94.014999,
    "platinum": 2519.0,
    "palladium": 1882.0,
    "copper": 5.801522
  }
}
