{
  "2026-01-22": {
    "gold": 4816.399902,
    "silver": 93.452003,
    "platinum": 2529.0,
    "palladium": 1885.0,
    "copper": 5.797818
  }
}
